Name,IATA
1Time Airline,1T
40-Mile Air,Q5
Ansett Australia,AN
Abacus International,1B
Abelag Aviation,W9
Aigle Azur,ZI
Aloha Airlines,AQ
American Airlines,AA
Asiana Airlines,OZ
Askari Aviation,4K
Afriqiyah Airways,8U
Afrinat International Airlines,Q9
Allegiant Air,G4
Aban Air,K5
ABSA - Aerolinhas Brasileiras,M3
Antrak Air,4
Airborne Express,GB
ABX Air,GB
Astral Aviation,8V
Aero Asia International,E4
Air Togo,YT
Advance Leasing Company,4G
Aztec Worldwide Airlines,7A
Air Tindi,8T
Ada Air,ZY
ADC Airlines,Z7
Adria Airways,JP
Air Europa,UX
Aero Benin,EM
Aegean Airlines,A3
Air Atlantique,KI
Air Europe,PE
Alaska Central Express,KO
Astraeus,5W
Aerosvit Airlines,VV
Air Italy,I9
American Falcon,WK
Alliance Airlines,QQ
Ariana Afghan Airlines,FG
Aeroflot Russian Airlines,SU
Air Bosna,JA
Air France,AF
Air Caledonie International,SB
Air Gabon,GN
Air Salone,2O
Air Cargo Carriers,2Q
Air Senegal International,V7
Air Namibia,SW
Air Service Gabon,G8
Aerolitoral,5D
Amadeus Global Travel Distribution,1A
Air Glaciers,7T
Aeroper,PL
Atlas Blue,8A
Air Alpha Greenland,GD
Air Hong Kong,LD
Aeromist-Kharkiv,HT
Azerbaijan Airlines,J2
Avies,U3
Airbus Industrie,AP
Alpine Air Express,5A
Airblue,ED
Air Berlin,AB
Air Contractors,AG
Air India Limited,AI
Air Bourbon,ZB
Air Atlanta Icelandic,CC
Air Srpska,RB
Air Tahiti Nui,TN
Aero Services Executive,W4
Arkia Israel Airlines,IZ
Air Jamaica,JM
Air One,AP
Air Sahara,S2
Air Malta,KM
Amerijet International,M6
Air Japan,NQ
Air Kiribati,4A
Air Nippon Network Co. Ltd.,EH
America West Airlines,HP
Air Wisconsin,ZW
Tatarstan Airlines,U9
Air Libert,VD
Air Lithuania,TT
Air Malawi,QM
Air Sicilia,BM
Air Macau,NX
Air Midwest,ZV
Air Seychelles,HM
AeroMéxico,AM
All Nippon Airways,NH
Air Nostrum,YW
Air Niugini,PX
Air Arabia,G9
Air Canada,AC
Air Baltic,BT
Air Nippon,EL
Airnorth,TL
Air North Charter - Canada,4N
AOM French Airlines,IW
Air New Zealand,NZ
AVCOM,J6
Aero VIP,2D
Air Vegas,6V
Alitalia Express,XM
Asia Overnight Express,OE
Aero Flight,GV
Arrow Air,JW
Arik Air,W3
Aerocondor,2B
Aires,4C
Aerolineas Argentinas,AR
Air Armenia,QN
Alaska Airlines,AS
Air Sinai,4D
Airstars,PL
Atlantic Southeast Airlines,EV
Astrakhan Airlines,OB
Air Tanzania,TC
Air Burkina,2J
Aero-Tropics Air Services,HC
Airlines Of Tasmania,FO
Air Saint Pierre,PJ
Air Transport International,8C
Austrian Airlines,OS
Augsburg Airways,IQ
AirBridge Cargo,RU
Abu Dhabi Amiri Flight,MO
Aeroflot-Nord,5N
Aurigny Air Services,GR
Aus-Air,NO
Austral Lineas Aereas,AU
Australian Airlines,AO
Avianca - Aerovias Nacionales de Colombia,AV
Air Vanuatu,NF
Airlink Zambia,K8
Air Bangladesh,B9
Air Mediterranee,DR
Aeroline GmbH,7E
Air Wales,6G
Air Caraïbes,TX
Air India Express,IX
Asian Express Airlines,HJ
Air Exel,XT
AirAsia,AK
Axis Airways,6V
Atlant-Soyuz Airlines,3G
Alitalia,AZ
Arcus-Air Logistic,ZE
Amaszonas,Z8
Air Zimbabwe,UM
Aserca Airlines,R7
Rossiya-Russian Airlines,FV
Aviaexpress,RX
American Eagle Airlines,MQ
Airshop,FF
African Transport Trading and Investment Company,ML
Air Ivoire,VU
Air Botswana,BP
Air Foyle,GS
Air Tahiti,VT
Air Urga,3N
Air VIA,VL
Africa West,FK
Avirex,G2
ATRAN Cargo Airlines,V8
Avensa,VE
Avolar Aerolineas,V5
Air China,CA
Aero Condor Peru,Q6
Arctic Circle Air Service,5F
Air Corridor,QC
Air Central,NV
Air Chathams,CV
Air Marshall Islands,CW
Access Air,ZA
Air Algerie,AH
Adam Air,KI
Astar Air Cargo,ER
Antinea Airlines,HO
Air Dolomiti,EN
Aeroflot-Don,D9
Air Madrid,NM
Aero Airlines,EE
Air City,4F
Aer Lingus,EI
Alpi Eagles,E8
Air S,KY
Air Fiji,PC
Air Finland,OF
Air Pacific,FJ
Atlantic Airways,RC
Air Florida,QH
Air Iceland,NY
Air Philippines,2P
Air Georgian,ZX
Air Guinee Express,2U
Amber Air,0A
Air Georgia,DA
Air Greenland,GL
Allegro,LL
Atlas Air,5Y
Air Guyane,GG
Air D'Ayiti,H9
Air Comores International,GG
Air Horizon,8C
Air Bagan,W9
Atyrau Air Ways,IP
Air Canada Jazz,QK
Atlasjet,KK
Air Koryo,JS
Air Astana,KC
Albanian Airlines,LV
Alidaunia,D4
Alliance Air,CD
Aerolane,XL
Air Alps Aviation,A6
Atlantis European Airways,TD
Air Luxor GB,L8
Air Luxor,LK
Air Mauritius,MK
Air Madagascar,MD
Air Moldova,9U
Aero Mongolia,M0
Air Plus Comet,A7
Aeromexpress,QO
Air Mauritanie,MR
Aeroland Airways,3S
Astair,8D
Albarka Air,F4
Aero Contractors,AJ
Air Burundi,8Y
Aeropelican Air Services,OT
Air Paradise International,AD
Air Class Lineas Aereas,QD
African Safari Airways,QS
Airbus France,4Y
Air Mobility Command,MC
Aer Arann,RE
Air Austral,UU
Asian Spirit,6K
Air Afrique,RK
Airlinair,A5
Aero Lanka,QL
Armenian International Airways,MV
Air Salone,20
Armavia,U8
Aeromar,BQ
AeroRep,P5
Aero-Service,BF
Aerosur,5L
Air Santo Domingo,EX
Aero California,JR
Avient Aviation,Z3
Air Service,M3
Air Slovakia,GM
Aircompany Yakutia,R3
Aeromar,VW
Air Turks and Caicos,JY
Arkefly,OR
Airlines PNG,CG
Air Cal,TY
AirTran Airways,FL
Air Transat,TS
Avialeasing Aviation Company,EC
Tyrolean Airways,VO
Aero-Charter Ukraine,DW
Air Ukraine,6U
Aerolineas Galapagos (Aerogal),2K
Alrosa Mirny Air Enterprise,6R
Baker Aviation,8Q
British Airways,BA
Biman Bangladesh Airlines,BG
Bluebird Cargo,BF
BACH Flugbetriebsges,B4
Blue Dart Aviation,BZ
B&H Airlines,JA
Buffalo Airways,J4
Benin Golf Air,A8
Belair Airlines,4T
Bahamasair,UP
Bringer Air Cargo Taxi Aereo,E6
Balkan Bulgarian Airlines,LZ
BA Connect,TH
British International Helicopters,BS
Bankair,B4
Bangkok Airways,PG
Blue1,KF
Bearskin Lake Air Service,JV
Bellview Airlines,B3
bmi,BD
bmibaby,WW
Bemidji Airlines,CH
Bismillah Airlines,5Z
Bouraq Indonesia Airlines,BO
Blue Panorama Airlines,BV
BRA-Transportes Aereos,7R
Bering Air,8E
Belavia Belarusian Airlines,B2
Bravo Air Congo,K6
Braniff International Airways,BN
Big Sky Airlines,GQ
BAL Bashkirian Airlines,V9
Metro Batavia,7P
Berjaya Air,J8
Blue Wings,QW
BAX Global,8W
Bayu Indonesia Air,BM
Brit Air,DB
Boston-Maine Airways,E9
Brussels Airlines,SN
Binter Canarias,NT
Blue Air,0B
British Mediterranean Airways,KJ
Bulgaria Air,FB
Barents AirLink,8N
CAL Cargo Air Lines,5C
CHC Airways,AW
Calima Aviacion,XG
Calm Air,MO
Camai Air,R9
Cameroon Airlines,UY
CanJet,C6
Canadian Airlines,CP
Canadian North,5T
Canadian Western Airlines,W2
Cape Air,9K
Capital Cargo International Airlines,PT
Cargo 360,GG
Cargoitalia,2G
Cargojet Airways,W8
Cargolux,CV
Caribbean Airlines,BW
Caribbean Star Airlines,8B
Carpatair,V3
Caspian Airlines,RV
Cathay Pacific,CX
Cayman Airways,KX
Cebu Pacific,5J
Centavia,7N
Centralwings,C0
Centre-Avia,J7
Centurion Air Cargo,WE
Chalk's Ocean Airways,OP
Champion Air,MG
Changan Airlines,2Z
Chari Aviation Services,S8
Chautauqua Airlines,RP
Chicago Express,C8
China Airlines,CI
China Cargo Airlines,CK
China Eastern Airlines,MU
China Northern Airlines,CJ
China Northwest Airlines,WH
China Postal Airlines,8Y
China Southern Airlines,CZ
China United Airlines,HR
China Xinhua Airlines,XO
Yunnan Airlines,3Q
Chitaavia,X7
Cielos Airlines,A2
Cimber Air,QI
Cirrus Airlines,C9
City Airline,CF
City Connexion Airlines,G3
CityJet,WX
BA CityFlyer,CJ
Civil Air Transport,CT
Club Air,6P
Coast Air,BX
Coastal Air,DQ
Colgan Air,9L
Comair,OH
Comair,MN
CommutAir,C5
Comores Airlines,KR
Compania Mexicargo,GJ
Compass Airlines,CP
Condor Flugdienst,DE
Consorcio Aviaxsa,6A
Contact Air,C3
Continental Airlines,CO
Continental Airways,PC
Continental Express,CO
Continental Micronesia,CS
Conviasa,V0
Copa Airlines,CM
Corsairfly,SS
Corse-Mediterranee,XK
Cosmic Air,F5
Croatia Airlines,OU
Crossair Europe,QE
Cubana de Aviación,CU
Cyprus Airways,CY
Cyprus Turkish Airlines,YK
Czech Airlines,OK
DAS Air Cargo,WD
DAT Danish Air Transport,DX
DHL International,ES
DHL de Guatemala,L3
Daallo Airlines,D3
Dagestan Airlines,N2
Dalavia,H8
Darwin Airline,0D
Dauair,D5
Delta Air Lines,DL
Deutsche Bahn,2A
Deutsche Rettungsflugwacht,1I
Dinar,D7
Dirgantara Air Service,AW
Discovery Airways,DH
Djibouti Airlines,D8
Dominicana de Aviaci,DO
Domodedovo Airlines,E3
DonbassAero,5D
Dragonair,KA
Druk Air,KB
dba,DI
Electronic Data Systems,1C
EUjet,VE
EVA Air,BR
Eagle Air,H7
East African,QU
East African Safari Air,S9
Eastern Airways,T3
Eastland Air,DK
Eastwind Airlines,W9
Edelweiss Air,WK
Egyptair,MS
El Al Israel Airlines,LY
El-Buraq Air Transport,UZ
Emirates,EK
Empire Airlines,EM
Empresa Ecuatoriana De Aviacion,EU
Enkor JSC,G8
Eos Airlines,E0
Eritrean Airlines,B8
Estafeta Carga Aerea,E7
Estonian Air,OV
Ethiopian Airlines,ET
Etihad Airways,EY
Euro Exec Express,RZ
Eurocypria Airlines,UI
Eurofly Service,GJ
Eurolot,K2
Euromanx Airways,3W
European Air Express,EA
European Air Transport,QY
European Aviation Air Charter,E7
Eurowings,EW
Evergreen International Airlines,EZ
Excel Airways,JN
Execair Aviation,MB
Executive Airlines,OW
Expo Aviation,8D
Express One International,EO
ExpressJet,XE
easyJet,U2
Falcon Aviation,IH
Far Eastern Air Transport,EF
Faroejet,F6
Faso Airways,F3
Federal Express,FX
Fika Salaama Airlines,N8
Finalair Congo,4S
Finnair,AY
Finncomm Airlines,FC
Firefly,FY
First Air,7F
First Choice Airways,DP
Fischer Air,8F
Flightline,B5
Florida Coastal Airlines,PA
Florida West International Airways,RF
Fly Air,F2
Fly Me Sweden,SH
AirAsia X,D7
FlyLal,TE
FlyNordic,LF
Flybaboo,F7
Flybe,BE
Flyglobespan,B4
Formosa Airlines,VY
Forward Air International Airlines,BN
Four Star Aviation / Four Star Cargo,HK
Freedom Air,FP
Frontier Airlines,F9
Frontier Flying Service,2F
Futura International Airways,FH
GB Airways,GT
Galaxy Air,7O
Galileo International,1G
Gambia International Airlines,GC
Gandalf Airlines,G7
Garuda Indonesia,GA
Gazpromavia,4G
Gemini Air Cargo,GR
Georgian Airways,A9
Georgian National Airlines,QB
Germania,ST
Germanwings,4U
Gestair,GP
Ghana International Airlines,G0
Go Air,G8
Go One Airways,GK
GoJet Airlines,G7
Gol Transportes Aéreos,G3
Golden Air,DC
Gorkha Airlines,G1
Grant Aviation,GS
Great Lakes Airlines,ZK
Great Wall Airlines,IJ
Grupo TACA,TA
Guine Bissaur Airlines,G6
Guinee Airlines,J9
Gujarat Airways,G8
Gulf Air Bahrain,GF
Guyana Airways 2000,GY
Hageland Aviation Services,H6
Hahn Air,HR
Hainan Airlines,HU
Hainan Phoenix Information Systems,1R
Haiti Ambassador Airlines,2T
Hamburg International,4R
TUIfly,X3
Hapagfly,HF
Harbor Airlines,HB
Harmony Airways,HQ
Hawaiian Airlines,HA
Hawaiian Pacific Airlines,HP
Hawkair,BH
Heavylift Cargo Airlines,HN
Heli France,8H
Helijet,JB
Helios Airways,ZU
Hellas Jet,T4
Hello,HW
Helvetic Airways,2L
Hemus Air,DU
Hewa Bora Airways,EO
Hex'Air,UD
Hi Fly,5K
Hokkaido International Airlines,HD
Hola Airlines,H5
Hong Kong Airlines,HX
Hong Kong Express Airways,UO
Hope Air,HH
Horizon Air,QX
Horizon Airlines,BN
Héli Sécurité Helicopter Airlines,H4
IBC Airways,II
ICAR Airlines,C3
INFINI Travel Information,1F
ITA Software,1U
Iberia Airlines,IB
Iberworld,TY
Ibex Airlines,FW
Icelandair,FI
Imair Airlines,IK
Independence Air,DH
IndiGo Airlines,6E
Indian Airlines,IC
Indigo,I9
Indonesia AirAsia,QZ
Indonesian Airlines,IO
InteliJet Airways,IJ
Inter Islands Airlines,H4
Interair South Africa,D6
Interavia Airlines,ZA
Intercontinental de Aviaci,RS
Interlink Airlines,ID
International Business Air,6I
Intersky,3L
Interstate Airline,I4
Iran Air,IR
Iran Aseman Airlines,EP
Iraqi Airways,IA
Island Airlines,IS
Island Express,2S
Cargo Plus Aviation,8L
Islands Nationair,CN
Islas Airways,IF
Islena De Inversiones,WC
Israir,6H
Itali Airlines,9X
Itek Air,GI
Izair,H9
JAL Express,JC
JALways,JO
JSC Transport Automated Information Systems,1M
Japan Airlines,JL
Japan Airlines Domestic,JL
Japan Asia Airways,EG
Japan Transocean Air,NU
Jat Airways,JU
Jatayu Airlines,VJ
Jazeera Airways,J9
Jeju Air,7C
Jet Airways,9W
Jet Airways,QJ
Jetclub,0J
Jetstar Asia Airways,3K
Jet2.com,LS
Jet4You,8J
JetBlue Airways,B6
Jetairfly,JF
Jetclub,0J
JetsGo,SG
Jetstar Airways,JQ
Jett8 Airlines Cargo,JX
Jetx Airlines,GX
Jordan Aviation,R5
Juneyao Airlines,HO
KD Avia,KD
KLM Cityhopper,WA
KLM Royal Dutch Airlines,KL
Kabo Air,N2
Kalitta Air,K4
Kam Air,RQ
Kampuchea Airlines,E2
Karat,V2
Kavminvodyavia,KV
Kenmore Air,M5
Kenya Airways,KQ
Keystone Air Services,BZ
Kingfisher Airlines,IT
Kish Air,Y9
Kiwi International Air Lines,KP
Kogalymavia Air Company,7K
Komiinteravia,8J
Korean Air,KE
Krasnojarsky Airlines,7B
Krylo Airlines,K9
Kuban Airlines,GW
Kunpeng Airlines,VD
Kuwait Airways,KU
Kuzu Airlines Cargo,GO
Kyrgyz Airlines,N5
Kyrgyzstan,QH
Kyrgyzstan Airlines,R8
Kibris T,KY
L.A.B. Flying Service,JF
LACSA,LR
LAI - Linea Aerea IAACA,KG
LAN Airlines,LA
LAN Argentina,4M
LAN Express,LU
LAN Peru,LP
LOT Polish Airlines,LO
LTE International Airways,XO
LTU Austria,L3
LTU International,LT
Lagun Air,N6
Lankair,IK
Lao Airlines,QV
Laoag International Airlines,L7
Lauda Air,NG
Lebanese Air Transport,LQ
Leeward Islands Air Transport,LI
Libyan Arab Airlines,LN
Linea Aerea SAPSA,L7
Linea Aerea de Servicio Ejecutivo Regional,8z
Linea Turistica Aerotuy,LD
Lineas Aereas Azteca,ZE
Linhas A,LM
Lion Mentari Airlines,JT
Livingston,LM
Lloyd Aereo Boliviano,LB
Luftfahrtgesellschaft Walter,HE
Lufthansa,LH
Lufthansa Cargo,LH
Lufthansa CityLine,CL
Lufthansa Systems,L1
Lufttaxi Fluggesellschaft,DV
Lufttransport,L5
Luxair,LG
Lviv Airlines,5V
Lynden Air Cargo,L2
L,MJ
MasAir,M7
MAT Macedonian Airlines,IN
MIAT Mongolian Airlines,OM
MNG Airlines,MB
Macair Airlines,CC
Maersk,DM
Mahan Air,W5
Mahfooz Aviation,M2
Malaysia Airlines,MH
Malmö Aviation,TF
Malta Air Charter,R5
Malév,MA
Mandala Airlines,RI
Mandarin Airlines,AE
Mango,JE
Mars RK,6V
Marsland Aviation,M7
Martinair,MP
Mastertop Linhas Aereas,Q4
Mavial Magadan Airlines,H5
Maxair,8M
Maxjet Airways,MY
Maya Island Air,MW
Menajet,IM
Meridiana,IG
Merpati Nusantara Airlines,MZ
Mesa Airlines,YV
Mesaba Airlines,XJ
Mexicana de Aviaci,MX
Miami Air International,GL
Middle East Airlines,ME
Midway Airlines,JI
Midwest Airlines,YX
Midwest Airlines (Egypt),MY
Moldavian Airlines,2M
Monarch Airlines,ZB
Myway Airlines,8I
Montenegro Airlines,YM
Moskovia Airlines,3R
Motor Sich,M9
Mount Cook Airlines,NM
Mountain Air Company,N4
MyTravel Airways,VZ
Myanma Airways,UB
Myanmar Airways International,8M
Nantucket Airlines,DV
Nas Air,P9
Nasair,UE
National Airlines,N4
National Airlines,N7
National Airways Cameroon,9O
National Jet Systems,NC
Nationwide Airlines,CE
Nauru Air Corporation,ON
Navitaire,1N
Nepal Airlines,RA
Neos,NO
NetJets,1I
New England Airlines,EJ
NextJet,2N
Niki,HG
Nippon Cargo Airlines,KZ
Nok Air,DD
Nordeste Linhas Aereas Regionais,JH
Nordic Regional,6N
North Coast Aviation,N9
North Flying,M3
North-Wright Airways,HW
Northern Air Cargo,NC
Northern Dene Airways,U7
Northwest Airlines,NW
Northwest Regional Airlines,FY
Northwestern Air,J3
Norwegian Air Shuttle,DY
Nouvel Air Tunisie,BJ
Nova Airline,M4
Novair,1I
Nuevo Continente,N6
Nas Air,XY
O'Connor Airlines,UQ
OAG,CR
Oasis Hong Kong Airlines,O8
Ocean Airlines,VC
Oceanair,O6
Oceanic Airlines,O2
Olympic Airlines,OA
Oman Air,WY
Omni Air International,OY
Omskavia Airline,N3
Onur Air,8Q
Orenburg Airlines,R2
Orient Thai Airlines,OX
Origin Pacific Airways,QO
Ostfriesische Lufttransport,OL
Our Airline,ON
Overland Airways,OJ
Ozark Air Lines,OZ
Ozjet Airlines,O7
PAN Air,PV
PB Air,9Q
PLUNA,PU
PMTair,U4
Pace Airlines,Y5
Jetstar Pacific,BL
Pacific Blue,DJ
Pacific Coastal Airline,8P
Pacific East Asia Cargo Airlines,Q8
Pacific Southwest Airlines,PS
Pacific Wings,LW
Pacificair,GX
Pakistan International Airlines,PK
Palau Trans Pacific Airline,GP
Palestinian Airlines,PF
Pamir Airways,NR
Pan American Airways,PA
Pan American World Airways,PA
Panafrican Airways,PQ
Pantanal Linhas Aéreas,P8
Paramount Airways,I7
Pearl Airways,HP
Pegasus Airlines,PC
Pegasus Hava Tasimaciligi,1I
Peninsula Airways,KS
Perm Airlines,P9
Philippine Airlines,PR
Phoenix Airways,HP
Phuket Air,9R
Piedmont Airlines (1948-1989),PI
Pinnacle Airlines,9E
Polar Air Cargo,PO
Polynesian Airlines,PH
Polynesian Blue,DJ
Polyot Sirena,1U
Porter Airlines,PD
Portugalia,NI
Potomac Air,BK
Precision Air,PW
President Airlines,TO
Primaris Airlines,FE
Princess Air,8Q
Private Wings Flugcharter,8W
Proflight Commuter Services,P0
Qantas,QF
Qatar Airways,QR
RACSA,R6
Radixx Solutions International,1D
Redhill Aviation,8L
Reem Air,V4
Regional Airlines,FN
Regional Express,ZL
RegionsAir,3C
Reno Air,QQ
Republic Airlines,RW
Republic Express Airlines,RH
Rico Linhas A,C7
Rio Grande Air,E2
Rio Sul Servi,SL
Rossiya,R4
Air Rarotonga,GZ
Royal Air Force,RR
Royal Air Force of Oman,RS
Royal Air Maroc,AT
Royal Airlines,R0
Royal Aruban Airline,V5
Royal Brunei Airlines,BI
Royal Jordanian,RJ
Royal Khmer Airlines,RK
Royal Nepal Airlines,RA
Royal Tongan Airlines,WR
Russian Sky Airlines,P7
Rwandair Express,WB
Ryan International Airlines,RD
Ryanair,FR
Régional,YS
SATA International,S4
South African Airways,SA
Shaheen Air International,NL
Scandinavian Airlines System,SK
S7 Airlines,S7
Seaborne Airlines,BB
SriLankan Airlines,UL
Sun Country Airlines,SY
Sky Express,G3
Spicejet,SG
Sky Eyes,I6
SAETA,EH
Star Flyer,7G
Safair,FA
Skagway Air Service,N5
SATA Air Acores,SP
Scorpio Aviation,8S
Singapore Airlines,SQ
Sibaviatrans,5M
Skynet Airlines,SI
SITA,XS
Sriwijaya Air,SJ
Sama Airlines,ZS
Singapore Airlines Cargo,SQ
Siem Reap Airways,FT
Sky Work Airlines,SX
Swedline Express,SM
South East Asian Airlines,DG
SwedJet Airways,VD
Skyservice Airlines,5G
Servicios de Transportes A,FS
Sudan Airways,SD
Sun Air (Fiji),PI
Sun Air of Scandinavia,EZ
Saudi Arabian Airlines,SV
Southwest Airlines,WN
Southern Winds Airlines,A4
Sunwing Airlines,WG
Swiss International Air Lines,LX
Swissair,SR
Swe Fly,WV
Shovkoviy Shlyah,S8
SunExpress,XQ
Syrian Arab Airlines,RB
Skywalk Airlines,AL
Silk Way Airlines,ZP
Samara Airlines,E5
Shandong Airlines,SC
Spring Airlines,9S
Sichuan Airlines,3U
Shanghai Airlines,FM
Shenzhen Airlines,ZH
Shanxi Airlines,8C
Sun D'Or,7L
SkyEurope,NE
Sunshine Express Airlines,CQ
Superior Aviation,SO
Spanair,JK
San Juan Airlines,2G
Sabre Pacific,1Z
Sabre,1S
Sierra Nevada Airlines,1I
Siren-Travel,1H
Sirena,1Q
Sky Trek International Airlines,1I
Southern Cross Distribution,1K
Sutra,1K
SNCF,2C
Star Equatorial Airlines,2S
Spirit Airlines,NK
SATENA,9R
Slok Air Gambia,S0
Sosoliso Airlines,SO
Sky Trek International Airlines,1I
Skybus Airlines,SX
SkyKing Turks and Caicos Airways,RU
Santa Barbara Airlines,S3
Sky Airline,H2
SkyWest,OO
Skyways Express,JZ
Skymark Airlines,BC
Sierra National Airlines,LJ
SilkAir,MI
Slovak Airlines,6Q
Surinam Airways,PY
Servant Air,8D
Sterling Airlines,NB
Skynet Asia Airways,6J
Solomon Airlines,IE
Saratov Aviation Division,6W
Sat Airlines,HZ
Shuttle America,S5
Scat Air,DV
Sirin,R1
Star Air,S6
TAME,EQ
TAM Brazilian Airlines,JJ
TAP Portugal,TP
Tunisair,TU
TNT Airways,3V
Tropical Airways,M7
Thai Air Cargo,T2
Thomas Cook Airlines,FQ
Thomas Cook Airlines,MT
Tandem Aero,TQ
Teamline Air,L9
Transeuropean Airlines,UE
Titan Airways,ZT
Tiger Airways,TR
Tiger Airways Australia,TT
Thai Airways International,TG
Thai AirAsia,FD
Turkish Airlines,TK
Twin Jet,T7
Thai Sky Airlines,9I
Tulip Air,TD
Trans Mediterranean Airlines,TL
Tri-MG Intra Asia Airlines,GY
Tiara Air,3P
Tobruk Air,7T
Tol-Air Services,TI
Thomsonfly,BY
Tropic Air,PM
Tower Air,FF
TAMPA,QT
TransAsia Airways,GE
Transavia Holland,HV
TACV,VR
TransMeridian Airlines,T9
Transmile Air Services,TH
Trast Aero,S5
Transwest Air,9T
Transaero Airlines,UN
Thai Star Airlines,T9
Turkmenistan Airlines,T5
Tuninter,UG
Tavrey Airlines,T6
Travel Service,QS
Trans World Airlines,TW
Transaviaexport,AL
TUIfly Nordic,6B
TAAG Angola Airlines,DT
Tassili Airlines,SF
TAM Mercosur,PZ
Trans States Airlines,AX
Travelsky Technology,1E
Thalys,2H
Open Skies Consultative Commission,1L
Tarom,RO
Turan Air,3T
TRIP Linhas A,8R
Transports et Travaux A,OF
USA3000 Airlines,U5
United Airlines,UA
United Feeder Service,U2
USA Jet Airlines,U7
Ural Airlines,U6
UM Airlines,UF
Ukrainian Cargo Airways,6Z
United Parcel Service,5X
US Airways,US
UTair Aviation,UT
Uzbekistan Airways,HY
Ukraine International Airlines,PS
US Helicopter Corporation,UH
V Australia Airlines,VA
Valuair,VF
Voyageur Airways,VC
Vietnam Airlines,VN
VIM Airlines,NN
VIA Rail Canada,2R
Viasa,VA
Volaris,Y4
Volga-Dnepr Airlines,VI
Virgin America,VX
Virgin Express,TV
Virgin Nigeria Airways,VK
Virgin Atlantic Airways,VS
Viva Macau,ZG
Volare Airlines,VE
Vueling Airlines,VY
Vladivostok Air,XF
Varig Log,LC
Viaggio Air,VM
Virgin Australia,VA
Virgin Blue,DJ
VRG Linhas Aereas,RG
VASP,VP
VLM Airlines,VG
Wayraper,7W
WebJet Linhas A,WJ
Welcome Air,2W
West Air Sweden,PT
West Coast Air,8O
WestJet,WS
Western Airlines,WA
Westward Airways,CN
Widerøe,WF
Wind Jet,IV
Wings Air,IW
Wings of Alaska,K5
Wizz Air,W6
Wizz Air Hungary,8Z
World Airways,WO
Worldspan,1P
Wright Air Service,8V
XL Airways France,SE
Xiamen Airlines,MF
Xtra Airways,XP
Yamal Airlines,YL
Yangtze River Express,Y8
Yemenia,IY
Zambian Airways,Q3
Zip,3J
Zimex Aviation,C4
Zoom Airlines,Z4
buzz,UK
Maldivian Air Taxi,8Q
Sky Express,XW
Yellow Air Taxi,Y0
Royal Air Cambodge,VJ
Air Mandalay,6T
TAN-SAHSA,SH
Air Busan,BX
TUI Airlines Belgium,TB
Braathens,BU
Globus,GH
Air Kazakhstan,9Y
Japan Air System,JD
Annsett New Zealand (NZA),ZQ
EasyJet (DS),DS
Star Peru (2I),2I
Carnival Air Lines,KW
United Airways,4H
Trans Maldivian Airways,M8
Fly540,5H
Transavia France,TO
Island Air (WP),WP
1-2-go,OG
Uni Air,B7
Gomelavia,YD
Red Wings,WZ
TUIfly (X3),11
Felix Airways,FU
Kostromskie avialinii,K1
Greenfly,XX
Tajik Air,7J
Air Mozambique,TM
Gabon Airlines,GY
Maldivo Airlines,ML
Virgin Pacific,VH
Zest Air,Z2
Yangon Airways,HK
Transport Aérien Transrégional,IJ
Minerva Airlines,N4
Eastar Jet,ZE
Jin Air,LJ
Aéris (Priv),SH
Air Arabia Maroc,3O
Baltic Air lines,B1
Ciel Canadien,YC
Canadian National Airways,CN
Epic Holiday,FA
Air Comet Chile,3I
Nazca,0
Voronezhskie Airlanes,DN
Line Blue,L8
Blue Sky America,BU
Texas Spirit,XS
Illinois Airways,IL
Salzburg arrows,SZ
Texas Wings,TQ
California Western,KT
Dennis Sky,DH
Zz,ZZ
Atifly,A1
Air UK,UK
Suckling Airways,CB
Reno Sky,RY
Ciao Air,99
Birmingham European,VB
Pal airlines,5P
CanXpress,C1
Danube Wings (V5),V5
Sharp Airlines,SH
CanXplorer,C2
Click (Mexicana),QA
World Experience Airline,W1
ALAK,J4
AJT Air International,E9
Air Choice One,3E
China United,KN
Locair,ZQ
Safi Airlines,4Q
SeaPort Airlines,K5
Salmon Air,S6
Fly Illi,IL
Bobb Air Freight,1
Star1 Airlines,V9
Pelita,6D
Alpi Eagles (E8),E8
Alaska Seaplane Service,J5
TAN,T8
MexicanaLink,I6
Island Spirit,IP
TACA Peru,T0
Pan Am World Airways Dominicana,7Q
Primera Air,PF
Air Antilles Express,3S
Regional Paraguaya,P7
VIP Ecuador,V6
Peruvian Airlines,P9
Catovair,OC
Halcyonair,7Z
Business Aviation,4P
Compagnie Africaine d\\'Aviation,E9
Zambia Skyways,K8
AlMasria Universal Airlines,UJ
SmartLynx Airlines,6Y
KoralBlue Airlines,K7
Elysian Airlines,E4
Hellenic Imperial Airways,HT
Amsterdam Airlines,WD
Arik Niger,Q9
Dana Air,DA
STP Airways,8F
Med Airways,7Y
Skyjet Airlines,UQ
Air Volga,G6
Royal Falcon,RL
Euroline,4L
Worldways,WG
Athens Airways,ZF
Viking Hellas,VQ
Starline.kz,DZ
Euro Harmony,EH
Lugansk Airlines,L7
Gryphon Airlines,6P
Gadair European Airlines,GP
Spirit of Manila Airlines,SM
Chongqing Airlines,OQ
West Air China,PN
Falcon Air (IH),IH
QatXpress,C3
OneChina,1C
NordStar Airlines,Y7
Joy Air,JR
Air India Regional,CD
MDLR Airlines,9H
Maldivian,Q2
Xpressair,XN
Strategic Airlines,VC
Fuji Dream Airlines,JH
SGA Airlines,5E
Air2there,F8
Avianova (Russia),AO
Parmiss Airlines (IPV),PA
EuropeSky,ES
BRAZIL AIR,GB
Homer Air,MR
Flitestar,GM
PanAm World Airways,WQ
Virginwings,YY
KSY,KY
Buquebus Líneas Aéreas,BQ
SOCHI AIR,CQ
Wizz Air Ukraine,WU
88,47
LCM AIRLINES,LQ
Aero Brazil,BZ
Cambodia Angkor Air (K6),K6
Skyline nepc,D5
THREE,H3
Royal European Airlines,69
Azul,AD
LSM Airlines,PQ
LionXpress,C4
Nik Airways,X1
Genesis,GK
Congo Express,XZ
Fly Dubai,FZ
Domenican Airlines,D1
Air Atlantic,9A
Air Ops,CR
Aereonautica militare,JY
LSM AIRLINES ,YZ
Aero Lloyd (YP),YP
UTair-Express,UR
Huaxia,G5
Zabaykalskii Airlines,ZP
Marysya Airlines,M4
N1,N1
Airlink (SAA),4Z
JobAir,3B
Zuliana de Aviacion,OD
Black Stallion Airways,BZ
German International Air Lines,GM
TrasBrasil,TB
TransBrasil Airlines,TH
China SSS,9C
Nihon.jet,NJ
Transportes Aéreos Nacionales de Selva,TJ
Air Mekong,P8
Harbour Air (Priv),H3
Air Hamburg (AHO),HH
ZABAIKAL AIRLINES,Z6
TransHolding,TI
Yeti Airways,YT
Yellowstone Club Private Shuttle,Y1
Caucasus Airlines,NS
Serbian Airlines,S1
Windward Islands Airways,WM
TransHolding System,YO
CCML Airlines,CB
Air Charter International,SF
Fly Brasil,F1
CB Airways UK ( Interliging Flights ),1F
Fly Colombia ( Interliging Flights ),3F
Trans Pas Air,T6
Himalayan Airlines,HC
Indya Airline Group,G1
Sunwing,WG
Japan Regio,ZX
Norte Lineas Aereas,N0
Austral Brasil,W7
PEGASUS AIRLINES-,H9
AirLiberté,IJ
Camair-co,QC
Aerocontinente (Priv),N6
Sky Regional,RS
TUR Avrupa Hava YollarÄ±,YI
LSM International ,II
Baikotovitchestrian Airlines ,BU
Luchsh Airlines ,L4
Zimbabwean Airlines,Z7
Air Cargo Germany,6U
Mongolian International Air Lines ,7M
Alaniya Airlines,2D
Tway Airlines,TW
Papillon Grand Canyon Helicopters,HI
Jusur airways,JX
NEXT Brasil,XB
AeroWorld ,W4
Cook Island Air,KH
US Africa Airways,E8
GNB Linhas Aereas,GN
Usa Sky Cargo,E1
Hankook Airline,HN
Red Jet America,RR
REDjet,Z7
Hellenic Airways,1H
Red Jet Andes,PT
Red Jet Canada,QY
Red Jet Mexico,4X
Marusya Airways,Y8
Era Alaska,7H
AirRussia,R8
Hankook Air US,H1
NEPC Airlines,D5
Canadian World,10
I-Fly,H5
T.A.T,IJ
Alinord,DN
Pacific Express,VB
VickJet,KT
BVI Airways,XV
Salsa d\\'Haiti,SO
Zambezi Airlines (ZMA),ZJ
Polet Airlines (Priv),YQ
TROPICAL LINHAS AEREAS,T1
12 North,12
Mauritania Airlines International,L6
MAT Airways,6F
Asian Wings Airways,AW
Air Arabia Egypt,E5
Alitalia Cityliner,CT
Orchid Airlines,OI
Asia Wings,Y5
Skywest Australia,XR
Nile Air,NP
Senegal Airlines,DN
Fly 6ix,6I
Starbow Airlines,S9
Copenhagen Express,0X
BusinessAir,8B
SENIC AIRLINES,YR
Sky Wing Pacific,C7
Air Indus,PP
Samurai Airlines,7
AirOne Continental,0
AirOne Polska,U1
Peach Aviation,MM
Aviabus,U1
Michael Airlines,DF
Korongo Airlines,ZC
Indonesia Sky,I5
Pelangi ,9P
Aws express,B0
Southjet,76
Southjet connect,77
Air Cape,KP
Southjet cargo,78
Iberia Express,I2
Interjet (ABC Aerolineas),4O
AirOnix,OG
Nordic Global Airlines,NJ
Scoot,TZ
Starling Airlines Spain,SX
Hi Fly (5K),5K
China Northwest Airlines (WH),WH
Zenith International Airline,ZN
Orbit Airlines Azerbaijan,O1
Air Alps Aviation (A6),A6
Patriot Airways,P4
Vision Airlines (V2),V2
Chicago Express (C8),C8
BQB Lineas Aereas,5Q
Yellowtail,YE
Royal Airways,KG
FlyHigh Airlines Ireland (FH),FH
Aero VIP (2D),2D
Yangon Airways Ltd.,YH
T.J. Air,TJ
SkyWork Airlines ,SX
ValueJet,J7
Maastricht Airlines,W2
CheapFlyingInternational,WL
Aviaexpresscruise,E6
Euro Jet,24
AirOne Atlantic,0
HQ- Business Express,HQ
Royal Southern Airlines.,R1
SOCHI AIR CHATER,Q3
Denim Air ,J7
WestAir,OE
WestAir Airlines,OE
WestAir Airlines ,OE
North Pacific Airlines,NO
Malindo Air,OD
Tramm Airlines,9F
Lina Congo,GC
Flightlink Tanzania,Z9
IzAvia,I8
3 Valleys Airlines,3V
Maryland Air,M1
Insel Air (7I/INC) (Priv),7I
VivaColombia,5Z
Apache Air,ZM
MHS Aviation GmbH,M2
Jettor Airlines,NR
GoDutch,GD
Thai Lion Air,SL
Deutsche Luftverkehrsgesellschaft,DW
National Air Cargo,N8
Eastern Atlantic Virtual Airlines,13
Citilink Indonesia,QG
Gulisano airways,GU
Caribbean Wings,XP
Snowbird Airlines,S8
Kharkiv Airlines,KH
XAIR USA,XA
Air Costa,LB
Global Freightways,F5
XPTO,XP
Malawian Airlines,3W
Air Serbia,JU
Air Lituanica,LT
Rainbow Air (RAI),RN
Rainbow Air Canada,RY
Rainbow Air Polynesia,RX
Rainbow Air Euro,RU
Rainbow Air US,RM
Dobrolet,QD
Spike Airlines,S0
All Argentina,L1
All America,A2
All Asia,L9
All Africa,9A
Regionalia México,N4
All Europe,N9
All Spain,N7
Regional Air Iceland,9N
Voestar,8K
All Colombia,7O
Regionalia Uruguay,2X
Regionalia Venezuela,9X
Regionalia Chile,9J
Vuela Cuba,6C
All Australia,88
Fly Europa,ER
FlyPortugal,PO
Spring Airlines Japan,IJ
Dense Airways,KP
Dense Connection,KZ
Vuola Italia,4S
Island Express Air,1X
All Argentina Express,Z0
Thai Smile Airways,WE
International AirLink,I4
Real Tonga,RT
All America AR,2R
All America CL,1R
SOCHI AIR EXPRESS,Q4
All America BR,1Y
FRA Air,X9
Royal,QN
GREAT LAKES (GX),GX
Volotea Costa Rica,9V
Fly Romania,X5
Eagle Atlantic Airlines,E2
All America CO,0Y
All America MX,0M
FOX Linhas Aereas,FX
Wings of England,EX
Air Kenya (Priv),QP
Via Conectia Airlines,6V
City Airways,E8
Norwegian Long Haul AS,DU
TransNusa Air,M8
Tomp Airlines,ZT
OneJet,J1
Global Airlines,0G
International Flying Service,F4
Air Vistara,UK
TransRussiaAirlines,1E
Severstal Air Company,D2
REXAIR VIRTUEL,RR
WestJet Encore,WR
Air Pegasus,OP
International Europe,9I
V Air,ZV
Naka Nihon Airlines Service,NV
Islands Express,X9
Atlantic Air Services,X7
Boutique Air (Priv),4B
VOLOTEA Airways,V7
Aguilar Connect,3X
ROYAL BRITAIN,7V
INAVIA Internacional,Z5
Liberty Airways,LE
Bassaka airlines,5B
SkyBahamas Airlines,Q7
UVT Aero,UW
Silver Airways (3M),3M
ATA Airlines (Iran),I3
VIA Líneas Aéreas,V1
Palair Macedonia,3D
Palair Macedonia (3D),3D
GermanXL,GX
Fly France,FF
Europe Jet,EX
Deutsche Luftverkehrsgesellschaft (DLT),DW
Atlantic Air Cargo,K3
World Scale Airlines,W3
All America US,AG
BudgetAir,1K
Fly One,F5
Nordica,EE
Dummy,0E
All America BOPY,0P
Air Andaman (2Y),2Y
Jetgo Australia,JG
Air Carnival,2S
Svyaz Rossiya,7R
